{"mean_fit_time":{"0":0.0498087406,"1":0.0012095928,"2":0.063708353,"3":0.0,"4":0.0536149502,"5":0.0},"std_fit_time":{"0":0.0094268701,"1":0.00160652,"2":0.0306638296,"3":0.0,"4":0.0029013801,"5":0.0},"mean_score_time":{"0":0.0038605213,"1":0.0,"2":0.0064915657,"3":0.0,"4":0.006230545,"5":0.0},"std_score_time":{"0":0.0048139788,"1":0.0,"2":0.003704237,"3":0.0,"4":0.0043628219,"5":0.0},"param_C":{"0":0.5,"1":0.5,"2":0.8,"3":0.8,"4":1,"5":1},"param_penalty":{"0":"l2","1":"l1","2":"l2","3":"l1","4":"l2","5":"l1"},"params":{"0":{"C":0.5,"penalty":"l2"},"1":{"C":0.5,"penalty":"l1"},"2":{"C":0.8,"penalty":"l2"},"3":{"C":0.8,"penalty":"l1"},"4":{"C":1,"penalty":"l2"},"5":{"C":1,"penalty":"l1"}},"split0_test_score":{"0":0.8648648649,"1":null,"2":0.8648648649,"3":null,"4":0.8648648649,"5":null},"split1_test_score":{"0":0.7397260274,"1":null,"2":0.7397260274,"3":null,"4":0.7397260274,"5":null},"split2_test_score":{"0":0.6849315068,"1":null,"2":0.6849315068,"3":null,"4":0.6849315068,"5":null},"split3_test_score":{"0":0.7808219178,"1":null,"2":0.7808219178,"3":null,"4":0.7808219178,"5":null},"split4_test_score":{"0":0.8219178082,"1":null,"2":0.8356164384,"3":null,"4":0.8356164384,"5":null},"mean_test_score":{"0":0.778452425,"1":null,"2":0.7811921511,"3":null,"4":0.7811921511,"5":null},"std_test_score":{"0":0.0626224557,"1":null,"2":0.0647283774,"3":null,"4":0.0647283774,"5":null},"rank_test_score":{"0":3,"1":4,"2":1,"3":4,"4":1,"5":4}}