{"mean_fit_time":{"0":25.1162468791,"1":25.5432497859,"2":25.8436747789,"3":28.2717171907,"4":28.5598577857,"5":28.7087984085,"6":30.9973940849,"7":30.9735414982,"8":31.1237264872,"9":33.2765100002,"10":33.3224976659,"11":33.31676054,"12":35.8289159536,"13":35.6394415498,"14":35.6470020413,"15":37.9336807132,"16":38.0978005528,"17":38.076148808,"18":60.157841444,"19":62.1784361601,"20":59.0160996914,"21":61.781144917,"22":70.8738102317,"23":68.1796168089,"24":67.0579909682,"25":64.8195009232,"26":67.4812808633,"27":93.1740133762,"28":90.4518250227,"29":83.6706123352,"30":90.6589514017,"31":91.5989902616,"32":86.3133920431,"33":84.0695007443,"34":80.3012776375,"35":79.3146868944,"36":114.7436150908,"37":114.5772238374,"38":119.4126402736,"39":126.1978222728,"40":123.7769142985,"41":123.8634424806,"42":132.409655273,"43":134.1742860675,"44":131.9586265087,"45":141.342872858,"46":141.9476295114,"47":141.8811241388,"48":152.2592782974,"49":150.7959400415,"50":151.2731217742,"51":160.1652954221,"52":161.1455183029,"53":160.8568723798,"54":217.6119847298,"55":220.4682255983,"56":221.304487288,"57":237.029904604,"58":238.6225967407,"59":238.950024724,"60":257.8245555758,"61":260.2464874983,"62":259.8566137552,"63":281.157369256,"64":284.0571766496,"65":283.8701254129,"66":301.5147706866,"67":304.0031052828,"68":304.1391531229,"69":320.4188266397,"70":323.6419966817,"71":323.279879868},"std_fit_time":{"0":0.354857213,"1":0.4829868469,"2":0.2441402657,"3":0.4474419651,"4":0.272934411,"5":0.2342027096,"6":0.2809991068,"7":0.2962024009,"8":0.3497302554,"9":0.3260692899,"10":0.3470099472,"11":0.3435345014,"12":0.2962321724,"13":0.3653794639,"14":0.3741286712,"15":0.4723037343,"16":0.2165172336,"17":0.3184656818,"18":1.6915508464,"19":3.6522185389,"20":1.2582460827,"21":0.9782871969,"22":7.7385877051,"23":5.344813671,"24":1.7902883484,"25":0.6294324293,"26":1.9153443201,"27":0.628979708,"28":2.7938477132,"29":0.6720021751,"30":2.0836167644,"31":0.9833299004,"32":4.1055533096,"33":3.3441120236,"34":0.9390912175,"35":0.6164094739,"36":1.5492046981,"37":1.6972935382,"38":1.5852122767,"39":1.2121191365,"40":1.7776299174,"41":1.5391123567,"42":0.9574300138,"43":1.9076668004,"44":1.3313901583,"45":1.6437902348,"46":1.5526698126,"47":2.0130461635,"48":1.1729781064,"49":1.7530678855,"50":1.9353177844,"51":1.5161664002,"52":2.12241775,"53":1.8355163251,"54":3.2938972974,"55":2.3286473678,"56":1.1069407645,"57":3.523349208,"58":2.9043897943,"59":2.6177497146,"60":3.1814150115,"61":3.3344172868,"62":3.1560437995,"63":4.1907049514,"64":2.2558548674,"65":2.5352602287,"66":4.9477432624,"67":3.0656527488,"68":3.1561681493,"69":5.4507422524,"70":3.2145373048,"71":3.8392778342},"mean_score_time":{"0":0.0169069767,"1":0.0157082081,"2":0.0177097917,"3":0.0157124996,"4":0.0157223344,"5":0.0184589028,"6":0.0167133808,"7":0.0169537067,"8":0.1137103438,"9":0.0169615149,"10":0.0164631009,"11":0.0162110925,"12":0.0174601078,"13":0.016704917,"14":0.0159634352,"15":0.0164631009,"16":0.0164653659,"17":0.0164629817,"18":0.0208943486,"19":0.0265951753,"20":0.1274248362,"21":0.0177329779,"22":0.0223842263,"23":0.019939661,"24":0.0201790333,"25":0.0181690454,"26":0.0202957392,"27":0.0235291719,"28":0.0275098085,"29":0.0176032782,"30":0.0197985172,"31":0.2194666862,"32":0.0240371823,"33":0.017700851,"34":0.0194478035,"35":0.0181996822,"36":0.0167105198,"37":0.01721102,"38":0.0169398785,"39":0.0206507444,"40":0.0194545388,"41":0.0169659853,"42":0.0191932917,"43":0.0186901689,"44":0.0169554353,"45":0.0184516311,"46":0.0164559484,"47":0.0169612169,"48":0.0169460773,"49":0.0164635777,"50":0.0182021856,"51":0.0169701576,"52":0.0172041655,"53":0.0984568,"54":0.0172041655,"55":0.0172093511,"56":0.0167133212,"57":0.0172043443,"58":0.0179606676,"59":0.0169534087,"60":0.0164760351,"61":0.0169611573,"62":0.0167200565,"63":0.0197041035,"64":0.1002477407,"65":0.0167027116,"66":0.01695925,"67":0.0177012682,"68":0.0169668794,"69":0.0171979666,"70":0.0174661279,"71":0.0172053576},"std_score_time":{"0":0.0024680652,"1":0.0004322244,"2":0.0037535544,"3":0.0008231077,"4":0.0008311222,"5":0.0029621157,"6":0.0010736034,"7":0.0006954202,"8":0.1687046376,"9":0.0006954495,"10":0.0011061603,"11":0.0008303901,"12":0.0021721029,"13":0.0010867469,"14":0.0000124372,"15":0.0014947096,"16":0.0011109918,"17":0.0011058507,"18":0.0024090204,"19":0.0090980833,"20":0.1909869559,"21":0.0008637943,"22":0.0058930002,"23":0.0031055819,"24":0.0032591522,"25":0.0011007978,"26":0.0033180817,"27":0.0064263312,"28":0.0063895849,"29":0.0007270037,"30":0.0034967062,"31":0.3456336965,"32":0.0087566168,"33":0.0014648787,"34":0.0015137079,"35":0.0017821398,"36":0.0010750346,"37":0.0004433396,"38":0.0007046321,"39":0.0031449824,"40":0.0037603764,"41":0.0000141578,"42":0.0022671888,"43":0.0030288668,"44":0.0007049484,"45":0.0038952796,"46":0.0004984737,"47":0.00069673,"48":0.0007183891,"49":0.0004911508,"50":0.0021594006,"51":0.0009988383,"52":0.0008267239,"53":0.1429791377,"54":0.0010864187,"55":0.0004289524,"56":0.001285309,"57":0.0012957898,"58":0.0006956108,"59":0.0014109972,"60":0.0008604557,"61":0.0006951153,"62":0.0008233674,"63":0.0041901572,"64":0.141949324,"65":0.0010856424,"66":0.0000259293,"67":0.0004303798,"68":0.0007051888,"69":0.0008350804,"70":0.0008722219,"71":0.0004325698},"param_depth":{"0":8,"1":8,"2":8,"3":8,"4":8,"5":8,"6":8,"7":8,"8":8,"9":8,"10":8,"11":8,"12":8,"13":8,"14":8,"15":8,"16":8,"17":8,"18":9,"19":9,"20":9,"21":9,"22":9,"23":9,"24":9,"25":9,"26":9,"27":9,"28":9,"29":9,"30":9,"31":9,"32":9,"33":9,"34":9,"35":9,"36":10,"37":10,"38":10,"39":10,"40":10,"41":10,"42":10,"43":10,"44":10,"45":10,"46":10,"47":10,"48":10,"49":10,"50":10,"51":10,"52":10,"53":10,"54":11,"55":11,"56":11,"57":11,"58":11,"59":11,"60":11,"61":11,"62":11,"63":11,"64":11,"65":11,"66":11,"67":11,"68":11,"69":11,"70":11,"71":11},"param_iterations":{"0":60,"1":60,"2":60,"3":65,"4":65,"5":65,"6":70,"7":70,"8":70,"9":75,"10":75,"11":75,"12":80,"13":80,"14":80,"15":85,"16":85,"17":85,"18":60,"19":60,"20":60,"21":65,"22":65,"23":65,"24":70,"25":70,"26":70,"27":75,"28":75,"29":75,"30":80,"31":80,"32":80,"33":85,"34":85,"35":85,"36":60,"37":60,"38":60,"39":65,"40":65,"41":65,"42":70,"43":70,"44":70,"45":75,"46":75,"47":75,"48":80,"49":80,"50":80,"51":85,"52":85,"53":85,"54":60,"55":60,"56":60,"57":65,"58":65,"59":65,"60":70,"61":70,"62":70,"63":75,"64":75,"65":75,"66":80,"67":80,"68":80,"69":85,"70":85,"71":85},"param_learning_rate":{"0":0.02,"1":0.03,"2":0.04,"3":0.02,"4":0.03,"5":0.04,"6":0.02,"7":0.03,"8":0.04,"9":0.02,"10":0.03,"11":0.04,"12":0.02,"13":0.03,"14":0.04,"15":0.02,"16":0.03,"17":0.04,"18":0.02,"19":0.03,"20":0.04,"21":0.02,"22":0.03,"23":0.04,"24":0.02,"25":0.03,"26":0.04,"27":0.02,"28":0.03,"29":0.04,"30":0.02,"31":0.03,"32":0.04,"33":0.02,"34":0.03,"35":0.04,"36":0.02,"37":0.03,"38":0.04,"39":0.02,"40":0.03,"41":0.04,"42":0.02,"43":0.03,"44":0.04,"45":0.02,"46":0.03,"47":0.04,"48":0.02,"49":0.03,"50":0.04,"51":0.02,"52":0.03,"53":0.04,"54":0.02,"55":0.03,"56":0.04,"57":0.02,"58":0.03,"59":0.04,"60":0.02,"61":0.03,"62":0.04,"63":0.02,"64":0.03,"65":0.04,"66":0.02,"67":0.03,"68":0.04,"69":0.02,"70":0.03,"71":0.04},"params":{"0":{"depth":8,"iterations":60,"learning_rate":0.02},"1":{"depth":8,"iterations":60,"learning_rate":0.03},"2":{"depth":8,"iterations":60,"learning_rate":0.04},"3":{"depth":8,"iterations":65,"learning_rate":0.02},"4":{"depth":8,"iterations":65,"learning_rate":0.03},"5":{"depth":8,"iterations":65,"learning_rate":0.04},"6":{"depth":8,"iterations":70,"learning_rate":0.02},"7":{"depth":8,"iterations":70,"learning_rate":0.03},"8":{"depth":8,"iterations":70,"learning_rate":0.04},"9":{"depth":8,"iterations":75,"learning_rate":0.02},"10":{"depth":8,"iterations":75,"learning_rate":0.03},"11":{"depth":8,"iterations":75,"learning_rate":0.04},"12":{"depth":8,"iterations":80,"learning_rate":0.02},"13":{"depth":8,"iterations":80,"learning_rate":0.03},"14":{"depth":8,"iterations":80,"learning_rate":0.04},"15":{"depth":8,