{"mean_fit_time":{"0":0.0496020913,"1":0.0006290674,"2":0.0489960909,"3":0.0007463098,"4":0.0562177896,"5":0.0007477999},"std_fit_time":{"0":0.0068382563,"1":0.000407883,"2":0.0013702305,"3":0.0004308872,"4":0.0044174,"5":0.0004317425},"mean_score_time":{"0":0.0050888658,"1":0.0,"2":0.0055342317,"3":0.0,"4":0.0055034161,"5":0.0},"std_score_time":{"0":0.0019570562,"1":0.0,"2":0.000430332,"3":0.0,"4":0.0003918101,"5":0.0},"param_C":{"0":0.5,"1":0.5,"2":0.8,"3":0.8,"4":1,"5":1},"param_penalty":{"0":"l2","1":"l1","2":"l2","3":"l1","4":"l2","5":"l1"},"params":{"0":{"C":0.5,"penalty":"l2"},"1":{"C":0.5,"penalty":"l1"},"2":{"C":0.8,"penalty":"l2"},"3":{"C":0.8,"penalty":"l1"},"4":{"C":1,"penalty":"l2"},"5":{"C":1,"penalty":"l1"}},"split0_test_score":{"0":0.7269631094,"1":null,"2":0.7269631094,"3":null,"4":0.7269631094,"5":null},"split1_test_score":{"0":0.726106466,"1":null,"2":0.726106466,"3":null,"4":0.726106466,"5":null},"split2_test_score":{"0":0.706282189,"1":null,"2":0.6976794033,"3":null,"4":0.6976794033,"5":null},"split3_test_score":{"0":0.7509654489,"1":null,"2":0.7509654489,"3":null,"4":0.7509654489,"5":null},"mean_test_score":{"0":0.7275793033,"1":null,"2":0.7254286069,"3":null,"4":0.7254286069,"5":null},"std_test_score":{"0":0.0158353073,"1":null,"2":0.0188743396,"3":null,"4":0.0188743396,"5":null},"rank_test_score":{"0":1,"1":4,"2":2,"3":4,"4":2,"5":4}}