{"mean_fit_time":{"0":0.0657024384,"1":0.0009975433,"2":0.0745499134,"3":0.0007480979,"4":0.0640782714,"5":0.0002493262},"std_fit_time":{"0":0.0111015027,"1":0.0000001686,"2":0.0076069269,"3":0.0004319147,"4":0.0019155147,"5":0.0004318457},"mean_score_time":{"0":0.0047370195,"1":0.0,"2":0.0044887066,"3":0.0,"4":0.0039895177,"5":0.0},"std_score_time":{"0":0.001295503,"1":0.0,"2":0.0004990105,"3":0.0,"4":0.0007056226,"5":0.0},"param_C":{"0":0.5,"1":0.5,"2":0.8,"3":0.8,"4":1,"5":1},"param_penalty":{"0":"l2","1":"l1","2":"l2","3":"l1","4":"l2","5":"l1"},"params":{"0":{"C":0.5,"penalty":"l2"},"1":{"C":0.5,"penalty":"l1"},"2":{"C":0.8,"penalty":"l2"},"3":{"C":0.8,"penalty":"l1"},"4":{"C":1,"penalty":"l2"},"5":{"C":1,"penalty":"l1"}},"split0_test_score":{"0":0.7527618022,"1":null,"2":0.7527618022,"3":null,"4":0.7527618022,"5":null},"split1_test_score":{"0":0.7202889207,"1":null,"2":0.7215191317,"3":null,"4":0.7215191317,"5":null},"split2_test_score":{"0":0.7172982078,"1":null,"2":0.7172982078,"3":null,"4":0.6975542748,"5":null},"split3_test_score":{"0":0.7278049681,"1":null,"2":0.7278049681,"3":null,"4":0.7480586081,"5":null},"mean_test_score":{"0":0.7295384747,"1":null,"2":0.7298460274,"3":null,"4":0.7299734542,"5":null},"std_test_score":{"0":0.0139436936,"1":null,"2":0.0137484874,"3":null,"4":0.022185921,"5":null},"rank_test_score":{"0":3,"1":4,"2":2,"3":4,"4":1,"5":4}}