{"mean_fit_time":{"0":0.5246532559,"1":0.7987199426,"2":0.5621693134,"3":0.8342756033,"4":0.8592358828,"5":1.4518002272,"6":0.9112175107,"7":1.4095010757,"8":0.9665499926,"9":1.4874240756,"10":1.1775450706,"11":1.7998571396,"12":1.2459788918,"13":1.2144473791,"14":1.0336607099,"15":1.4054882526,"16":0.8757383227,"17":1.2792853713,"18":0.892855823,"19":1.4037845731},"std_fit_time":{"0":0.0564379808,"1":0.0153605013,"2":0.0178968379,"3":0.0204950439,"4":0.1266932886,"5":0.1257612998,"6":0.024633235,"7":0.0479468916,"8":0.0977969903,"9":0.0846851858,"10":0.0081686146,"11":0.2110684604,"12":0.0771711361,"13":0.0080366816,"14":0.0790888361,"15":0.0835421384,"16":0.0420807498,"17":0.0577539356,"18":0.0453102395,"19":0.0364439066},"mean_score_time":{"0":0.0197758675,"1":0.0283691883,"2":0.0195062757,"3":0.0298568606,"4":0.0256555676,"5":0.0617770553,"6":0.0370215178,"7":0.0547844172,"8":0.0278978944,"9":0.0478112102,"10":0.0361549258,"11":0.0552989244,"12":0.0363909602,"13":0.0311209559,"14":0.0254856348,"15":0.0337158442,"16":0.0191069245,"17":0.0300137401,"18":0.021951437,"19":0.0320587158},"std_score_time":{"0":0.0012843365,"1":0.0033849011,"2":0.0009100849,"3":0.0030025046,"4":0.0063964795,"5":0.0169571195,"6":0.0105164371,"7":0.0107091239,"8":0.0035072267,"9":0.0122040114,"10":0.007739541,"11":0.0049645231,"12":0.0094983243,"13":0.0031897158,"14":0.0073844577,"15":0.0043649201,"16":0.0002117285,"17":0.0039716182,"18":0.0019208853,"19":0.0037933327},"param_criterion":{"0":"gini","1":"gini","2":"gini","3":"gini","4":"gini","5":"gini","6":"gini","7":"gini","8":"gini","9":"gini","10":"entropy","11":"entropy","12":"entropy","13":"entropy","14":"entropy","15":"entropy","16":"entropy","17":"entropy","18":"entropy","19":"entropy"},"param_max_depth":{"0":4,"1":4,"2":5,"3":5,"4":6,"5":6,"6":7,"7":7,"8":8,"9":8,"10":4,"11":4,"12":5,"13":5,"14":6,"15":6,"16":7,"17":7,"18":8,"19":8},"param_max_features":{"0":"sqrt","1":"sqrt","2":"sqrt","3":"sqrt","4":"sqrt","5":"sqrt","6":"sqrt","7":"sqrt","8":"sqrt","9":"sqrt","10":"sqrt","11":"sqrt","12":"sqrt","13":"sqrt","14":"sqrt","15":"sqrt","16":"sqrt","17":"sqrt","18":"sqrt","19":"sqrt"},"param_n_estimators":{"0":200,"1":300,"2":200,"3":300,"4":200,"5":300,"6":200,"7":300,"8":200,"9":300,"10":200,"11":300,"12":200,"13":300,"14":200,"15":300,"16":200,"17":300,"18":200,"19":300},"params":{"0":{"criterion":"gini","max_depth":4,"max_features":"sqrt","n_estimators":200},"1":{"criterion":"gini","max_depth":4,"max_features":"sqrt","n_estimators":300},"2":{"criterion":"gini","max_depth":5,"max_features":"sqrt","n_estimators":200},"3":{"criterion":"gini","max_depth":5,"max_features":"sqrt","n_estimators":300},"4":{"criterion":"gini","max_depth":6,"max_features":"sqrt","n_estimators":200},"5":{"criterion":"gini","max_depth":6,"max_features":"sqrt","n_estimators":300},"6":{"criterion":"gini","max_depth":7,"max_features":"sqrt","n_estimators":200},"7":{"criterion":"gini","max_depth":7,"max_features":"sqrt","n_estimators":300},"8":{"criterion":"gini","max_depth":8,"max_features":"sqrt","n_estimators":200},"9":{"criterion":"gini","max_depth":8,"max_features":"sqrt","n_estimators":300},"10":{"criterion":"entropy","max_depth":4,"max_features":"sqrt","n_estimators":200},"11":{"criterion":"entropy","max_depth":4,"max_features":"sqrt","n_estimators":300},"12":{"criterion":"entropy","max_depth":5,"max_features":"sqrt","n_estimators":200},"13":{"criterion":"entropy","max_depth":5,"max_features":"sqrt","n_estimators":300},"14":{"criterion":"entropy","max_depth":6,"max_features":"sqrt","n_estimators":200},"15":{"criterion":"entropy","max_depth":6,"max_features":"sqrt","n_estimators":300},"16":{"criterion":"entropy","max_depth":7,"max_features":"sqrt","n_estimators":200},"17":{"criterion":"entropy","max_depth":7,"max_features":"sqrt","n_estimators":300},"18":{"criterion":"entropy","max_depth":8,"max_features":"sqrt","n_estimators":200},"19":{"criterion":"entropy","max_depth":8,"max_features":"sqrt","n_estimators":300}},"split0_test_score":{"0":0.5595704702,"1":0.6034206069,"2":0.6201037995,"3":0.6040137399,"4":0.6351506559,"5":0.6501518811,"6":0.6353526989,"7":0.6510764902,"8":0.6353526989,"9":0.6492424242,"10":0.585622212,"11":0.585622212,"12":0.6029918412,"13":0.61648786,"14":0.6353526989,"15":0.6182686781,"16":0.6337966284,"17":0.6480753889,"18":0.6353526989,"19":0.6344202899},"split1_test_score":{"0":0.6402173913,"1":0.6400099721,"2":0.6822257187,"3":0.672891665,"4":0.7398208675,"5":0.7613391927,"6":0.7109361268,"7":0.7432004494,"8":0.7510401015,"9":0.749968083,"10":0.6596273292,"11":0.6296403404,"12":0.7122352285,"13":0.7109616229,"14":0.7514013045,"15":0.7620177664,"16":0.7309812903,"17":0.7398208675,"18":0.7723837944,"19":0.7276337793},"split2_test_score":{"0":0.6216581439,"1":0.6216581439,"2":0.666927491,"3":0.658071806,"4":0.6836726506,"5":0.683351736,"6":0.7103135308,"7":0.6954265052,"8":0.6900550472,"9":0.7255124749,"10":0.6372434583,"11":0.6247932346,"12":0.6959230372,"13":0.66736772,"14":0.7234110619,"15":0.6792990793,"16":0.6961800105,"17":0.6838549365,"18":0.6990776036,"19":0.6898265696},"split3_test_score":{"0":0.6221838055,"1":0.6087330446,"2":0.6221838055,"3":0.6746945571,"4":0.6929999187,"5":0.6929999187,"6":0.6928110875,"7":0.6928110875,"8":0.6928110875,"9":0.6808191066,"10":0.6087330446,"11":0.6087330446,"12":0.6800142791,"13":0.6800142791,"14":0.6799759056,"15":0.7053699572,"16":0.6799759056,"17":0.6929449118,"18":0.6929449118,"19":0.6929449118},"mean_test_score":{"0":0.6109074527,"1":0.6184554419,"2":0.6478602037,"3":0.652417942,"4":0.6879110232,"5":0.6969606821,"6":0.687353361,"7":0.6956286331,"8":0.6923147338,"9":0.7013855222,"10":0.622806511,"11":0.6121972079,"12":0.6727910965,"13":0.6687078705,"14":0.6975352427,"15":0.6912388703,"16":0.6852334587,"17":0.6911740262,"18":0.6999397522,"19":0.6862063876},"std_test_score":{"0":0.0305666966,"1":0.0141016519,"2":0.0272683217,"3":0.0286808031,"4":0.0371555815,"5":0.040424459,"6":0.0308916327,"7":0.0326188234,"8":0.0409227772,"9":0.0390008179,"10":0.0280398495,"11":0.0171839576,"12":0.0418779078,"13":0.0340658919,"14":0.0440059931,"15":0.0516636897,"16":0.034950252,"17":0.0327135783,"18":0.0486551585,"19":0.0333786688},"rank_test_score":{"0":20,"1":18,"2":16,"3":15,"4":9,"5":4,"6":10,"7":5,"8":6,"9":1,"10":17,"11":19,"12":13,"13":14,"14":3,"15":7,"16":12,"17":8,"18":2,"19":11}}