{"mean_fit_time":{"0":0.443262279,"1":0.6504274011,"2":0.4841229916,"3":0.745867312,"4":0.6816030741,"5":0.8709508181,"6":0.5587213635,"7":0.8380798101,"8":0.5932850838,"9":0.8961364627,"10":0.6303232312,"11":0.9499268532,"12":0.6934095025,"13":1.0572546721,"14":0.7667031884,"15":1.1635145545,"16":0.8038914204,"17":1.2009273171,"18":0.8458151221,"19":1.2433257699},"std_fit_time":{"0":0.0230159394,"1":0.0095065932,"2":0.0126470183,"3":0.0373334142,"4":0.0427380082,"5":0.1307559111,"6":0.0145962093,"7":0.0100567003,"8":0.0154304405,"9":0.0372357563,"10":0.002169261,"11":0.0125563625,"12":0.0106111071,"13":0.0198499879,"14":0.021188123,"15":0.0491247959,"16":0.0301246689,"17":0.0287718814,"18":0.0379757243,"19":0.04357555},"mean_score_time":{"0":0.022190392,"1":0.0286740065,"2":0.0211930871,"3":0.0285758972,"4":0.0241848826,"5":0.0290831923,"6":0.0212449431,"7":0.0296810865,"8":0.0211789608,"9":0.0296862721,"10":0.0201952457,"11":0.0284252763,"12":0.020439744,"13":0.0296703577,"14":0.0209494233,"15":0.0301772356,"16":0.0217048526,"17":0.0304191113,"18":0.0219503045,"19":0.0296692848},"std_score_time":{"0":0.0029194938,"1":0.0008262248,"2":0.0004324654,"3":0.0007944351,"4":0.0027529875,"5":0.0016693879,"6":0.0005382721,"7":0.0010751352,"8":0.0008220588,"9":0.0008173722,"10":0.0010869385,"11":0.0016539701,"12":0.000505782,"13":0.0013071222,"14":0.0012258332,"15":0.0016288188,"16":0.0014890997,"17":0.0011085518,"18":0.0015655262,"19":0.0008340932},"param_criterion":{"0":"gini","1":"gini","2":"gini","3":"gini","4":"gini","5":"gini","6":"gini","7":"gini","8":"gini","9":"gini","10":"entropy","11":"entropy","12":"entropy","13":"entropy","14":"entropy","15":"entropy","16":"entropy","17":"entropy","18":"entropy","19":"entropy"},"param_max_depth":{"0":4,"1":4,"2":5,"3":5,"4":6,"5":6,"6":7,"7":7,"8":8,"9":8,"10":4,"11":4,"12":5,"13":5,"14":6,"15":6,"16":7,"17":7,"18":8,"19":8},"param_max_features":{"0":"sqrt","1":"sqrt","2":"sqrt","3":"sqrt","4":"sqrt","5":"sqrt","6":"sqrt","7":"sqrt","8":"sqrt","9":"sqrt","10":"sqrt","11":"sqrt","12":"sqrt","13":"sqrt","14":"sqrt","15":"sqrt","16":"sqrt","17":"sqrt","18":"sqrt","19":"sqrt"},"param_n_estimators":{"0":200,"1":300,"2":200,"3":300,"4":200,"5":300,"6":200,"7":300,"8":200,"9":300,"10":200,"11":300,"12":200,"13":300,"14":200,"15":300,"16":200,"17":300,"18":200,"19":300},"params":{"0":{"criterion":"gini","max_depth":4,"max_features":"sqrt","n_estimators":200},"1":{"criterion":"gini","max_depth":4,"max_features":"sqrt","n_estimators":300},"2":{"criterion":"gini","max_depth":5,"max_features":"sqrt","n_estimators":200},"3":{"criterion":"gini","max_depth":5,"max_features":"sqrt","n_estimators":300},"4":{"criterion":"gini","max_depth":6,"max_features":"sqrt","n_estimators":200},"5":{"criterion":"gini","max_depth":6,"max_features":"sqrt","n_estimators":300},"6":{"criterion":"gini","max_depth":7,"max_features":"sqrt","n_estimators":200},"7":{"criterion":"gini","max_depth":7,"max_features":"sqrt","n_estimators":300},"8":{"criterion":"gini","max_depth":8,"max_features":"sqrt","n_estimators":200},"9":{"criterion":"gini","max_depth":8,"max_features":"sqrt","n_estimators":300},"10":{"criterion":"entropy","max_depth":4,"max_features":"sqrt","n_estimators":200},"11":{"criterion":"entropy","max_depth":4,"max_features":"sqrt","n_estimators":300},"12":{"criterion":"entropy","max_depth":5,"max_features":"sqrt","n_estimators":200},"13":{"criterion":"entropy","max_depth":5,"max_features":"sqrt","n_estimators":300},"14":{"criterion":"entropy","max_depth":6,"max_features":"sqrt","n_estimators":200},"15":{"criterion":"entropy","max_depth":6,"max_features":"sqrt","n_estimators":300},"16":{"criterion":"entropy","max_depth":7,"max_features":"sqrt","n_estimators":200},"17":{"criterion":"entropy","max_depth":7,"max_features":"sqrt","n_estimators":300},"18":{"criterion":"entropy","max_depth":8,"max_features":"sqrt","n_estimators":200},"19":{"criterion":"entropy","max_depth":8,"max_features":"sqrt","n_estimators":300}},"split0_test_score":{"0":0.6298245614,"1":0.6153976839,"2":0.6544778893,"3":0.6544778893,"4":0.7367057099,"5":0.668787665,"6":0.6866394928,"7":0.7091376599,"8":0.6833795973,"9":0.6854109947,"10":0.6256067638,"11":0.6541248606,"12":0.6542214663,"13":0.6551247261,"14":0.6833795973,"15":0.7212862319,"16":0.7097373188,"17":0.6965217391,"18":0.7353710556,"19":0.6842028986},"split1_test_score":{"0":0.6498319015,"1":0.6168628913,"2":0.6505032206,"3":0.6498319015,"4":0.6622350381,"5":0.6800979017,"6":0.7144927536,"7":0.692031409,"8":0.7033333333,"9":0.6695580158,"10":0.6373207583,"11":0.6233959157,"12":0.6498319015,"13":0.6684562331,"14":0.680111158,"15":0.6684562331,"16":0.680111158,"17":0.6551532106,"18":0.680111158,"19":0.7034765569},"split2_test_score":{"0":0.6887612388,"1":0.7006186122,"2":0.7462271062,"3":0.7041516736,"4":0.7458238402,"5":0.7405416013,"6":0.7408079217,"7":0.7303610675,"8":0.7405416013,"9":0.7458238402,"10":0.6939060939,"11":0.7018112322,"12":0.697151957,"13":0.6967131468,"14":0.6817009078,"15":0.7307459207,"16":0.7696432485,"17":0.7309733529,"18":0.7268594563,"19":0.7260169655},"split3_test_score":{"0":0.6887739711,"1":0.6608427987,"2":0.7046506035,"3":0.7451636715,"4":0.7411673732,"5":0.7467177935,"6":0.7612363384,"7":0.7426435912,"8":0.7526558012,"9":0.7704331823,"10":0.6936904854,"11":0.6794047711,"12":0.7242686822,"13":0.7256897118,"14":0.7852206708,"15":0.7764021211,"16":0.7852206708,"17":0.7405835283,"18":0.7622359647,"19":0.7447973272},"mean_test_score":{"0":0.6642979182,"1":0.6484304965,"2":0.6889647049,"3":0.6884062839,"4":0.7214829904,"5":0.7090362404,"6":0.7257941266,"7":0.7185434319,"8":0.7199775833,"9":0.7178065082,"10":0.6626310253,"11":0.6646841949,"12":0.6813685017,"13":0.6864959544,"14":0.7076030835,"15":0.7242226267,"16":0.736178099,"17":0.7058079577,"18":0.7261444087,"19":0.714623437},"std_test_score":{"0":0.0254715979,"1":0.0352326023,"2":0.0393498928,"3":0.0390782461,"4":0.0343584157,"5":0.0348922,"6":0.0280284267,"7":0.0194411297,"8":0.02787108,"9":0.0416290885,"10":0.0314413165,"11":0.0292033123,"12":0.0309073682,"13":0.0271575365,"14":0.0448274353,"15":0.0383528554,"16":0.0429176735,"17":0.0335215404,"18":0.0296112432,"19":0.0228579212},"rank_test_score":{"0":18,"1":20,"2":13,"3":14,"4":5,"5":10,"6":3,"7":7,"8":6,"9":8,"10":19,"11":17,"12":16,"13":15,"14":11,"15":4,"16":1,"17":12,"18":2,"19":9}}