{"mean_fit_time":{"0":0.016097188,"1":0.0244576335,"2":0.0274153352,"3":0.0340963602,"4":0.0320862532,"5":0.034434557},"std_fit_time":{"0":0.0018598121,"1":0.0014666927,"2":0.0013713492,"3":0.0027075475,"4":0.0009750832,"5":0.0032252736},"mean_score_time":{"0":0.0050287247,"1":0.0053200722,"2":0.0033656359,"3":0.0044076443,"4":0.0039632916,"5":0.0042968988},"std_score_time":{"0":0.0000902909,"1":0.0013135389,"2":0.0004143247,"3":0.0007160716,"4":0.0000305313,"5":0.0004995692},"param_max_depth":{"0":2,"1":4,"2":6,"3":8,"4":10,"5":12},"params":{"0":{"max_depth":2},"1":{"max_depth":4},"2":{"max_depth":6},"3":{"max_depth":8},"4":{"max_depth":10},"5":{"max_depth":12}},"split0_test_score":{"0":0.5179586535,"1":0.6390695409,"2":0.6682848725,"3":0.6517080745,"4":0.6558936276,"5":0.6506517034},"split1_test_score":{"0":0.5048612058,"1":0.6406530615,"2":0.6660796088,"3":0.6712099728,"4":0.7063080589,"5":0.6627382578},"split2_test_score":{"0":0.5046626146,"1":0.5655371915,"2":0.5869908622,"3":0.6412074006,"4":0.633469095,"5":0.6652877487},"split3_test_score":{"0":0.4694838439,"1":0.6287534412,"2":0.6730269193,"3":0.7473613649,"4":0.7492311068,"5":0.6833630999},"mean_test_score":{"0":0.4992415794,"1":0.6185033088,"2":0.6485955657,"3":0.6778717032,"4":0.6862254721,"5":0.6655102025},"std_test_score":{"0":0.0180056901,"1":0.030919477,"2":0.0356559641,"3":0.041539133,"4":0.0449340528,"5":0.0116965177},"rank_test_score":{"0":6,"1":5,"2":4,"3":2,"4":1,"5":3}}