{"mean_fit_time":{"0":0.0122218132,"1":0.0199531913,"2":0.0266858339,"3":0.0271783471,"4":0.0274343491,"5":0.0275093913},"std_fit_time":{"0":0.0004301882,"1":0.0012199782,"2":0.0017735415,"3":0.0017858487,"4":0.0020499306,"5":0.0017506496},"mean_score_time":{"0":0.0042424202,"1":0.0042233467,"2":0.0044810772,"3":0.0039952993,"4":0.0039735436,"5":0.0037338138},"std_score_time":{"0":0.0004378094,"1":0.0004225197,"2":0.001503676,"3":0.0000141659,"4":0.0000156081,"5":0.0004258012},"param_max_depth":{"0":2,"1":4,"2":6,"3":8,"4":10,"5":12},"params":{"0":{"max_depth":2},"1":{"max_depth":4},"2":{"max_depth":6},"3":{"max_depth":8},"4":{"max_depth":10},"5":{"max_depth":12}},"split0_test_score":{"0":0.3897314908,"1":0.6248874463,"2":0.6557979959,"3":0.7018752111,"4":0.6874947029,"5":0.6669318219},"split1_test_score":{"0":0.4448216676,"1":0.5965647184,"2":0.6988061214,"3":0.6612094077,"4":0.6977670256,"5":0.7268431454},"split2_test_score":{"0":0.5134002177,"1":0.6077721777,"2":0.6250678058,"3":0.6526553075,"4":0.6246867338,"5":0.6236976299},"split3_test_score":{"0":0.4937667115,"1":0.5216045039,"2":0.6236361873,"3":0.6610354606,"4":0.7027975687,"5":0.6902037719},"mean_test_score":{"0":0.4604300219,"1":0.5877072116,"2":0.6508270276,"3":0.6691938467,"4":0.6781865078,"5":0.6769190923},"std_test_score":{"0":0.04785154,"1":0.0394746631,"2":0.0305351571,"3":0.0191827096,"4":0.0313766207,"5":0.0374204604},"rank_test_score":{"0":6,"1":5,"2":4,"3":3,"4":1,"5":2}}